Banco Central do Brasil;;;;;;;;;;;;;;;;;;;;;;;;
Diretoria de Fiscalizaá∆o - Depto de Monitoramento do Sistema Financeiro (Desig);;;;;;;;;;;;;;;;;;;;;;;;
Mercado de CÉmbio - Ranking Mensal das Instituiá‰es Financeiras;;;;;;;;;;;;;;;;;;;;;;;;
;;;;;;;;;;;;;;;;;;;;;;;;
CÉmbio Contratado em FEVEREIRO / 2014;;;;;;;;;;;;;;;;;;;;;;;;
Rank ;C¢digo Instit.; Nome da Instituiá∆o ; Exportaá∆o ;; Importaá∆o ;; Transferància do Exterior ;; Transferància p/ Exterior ;; Total do Mercado Prim†rio ;; Interbanc†rio - Compra ;; Interbanc†rio - Venda ;; Total do Mercado Interbanc†rio ;; Total ;;;;;
;;; Nß Oper. ; Valor (US$) ; Nß Oper. ; Valor (US$) ; Nß Oper. ; Valor (US$) ; Nß Oper. ; Valor (US$) ; Nß Oper. ; Valor (US$) ; Nß Oper. ; Valor (US$) ; Nß Oper. ; Valor (US$) ; Nß Oper. ; Valor (US$) ; Nß Oper. ; Valor (US$) ;;;;
1;60.701.190;ITAÈ UNIBANCO S.A.; 5.890 ; 1.442.848.879 ; 17.664 ; 2.055.533.654 ; 31.026 ; 2.760.615.925 ; 29.560 ; 3.516.640.614 ; 84.140 ; 9.775.639.072 ; 261 ; 9.522.875.687 ; 252 ; 7.733.295.217 ; 513 ; 17.256.170.904 ; 84.653 ; 27.031.809.976 ;;;;
2;01.701.201;HSBC BANK BRASIL S.A. - BANCO MULTIPLO; 2.187 ; 1.579.976.229 ; 11.083 ; 1.905.544.920 ; 10.383 ; 3.126.115.764 ; 21.729 ; 3.379.901.377 ; 45.382 ; 9.991.538.290 ; 375 ; 8.221.964.431 ; 355 ; 7.931.100.742 ; 730 ; 16.153.065.173 ; 46.112 ; 26.144.603.463 ;;;;
3;90.400.888;BANCO SANTANDER (BRASIL) S.A.; 2.966 ; 1.084.818.425 ; 15.979 ; 1.812.826.754 ; 15.814 ; 2.778.987.347 ; 25.035 ; 3.155.118.754 ; 59.794 ; 8.831.751.280 ; 553 ; 8.141.886.055 ; 491 ; 7.387.821.870 ; 1.044 ; 15.529.707.925 ; 60.838 ; 24.361.459.205 ;;;;
4;33.479.023;BANCO CITIBANK S.A.; 1.639 ; 1.097.382.628 ; 7.291 ; 2.062.303.662 ; 8.251 ; 5.925.893.455 ; 17.016 ; 5.651.094.294 ; 34.197 ; 14.736.674.040 ; 326 ; 2.688.166.662 ; 321 ; 2.228.783.409 ; 647 ; 4.916.950.071 ; 34.844 ; 19.653.624.111 ;;;;
5;00.000.000;BANCO DO BRASIL S.A.; 8.144 ; 3.895.306.544 ; 20.933 ; 4.488.696.469 ; 18.255 ; 1.387.082.888 ; 25.246 ; 2.654.756.265 ; 72.578 ; 12.425.842.166 ; 332 ; 1.834.416.091 ; 315 ; 1.872.095.408 ; 647 ; 3.706.511.498 ; 73.225 ; 16.132.353.665 ;;;;
6;60.746.948;BANCO BRADESCO S.A.; 5.164 ; 3.631.230.480 ; 13.389 ; 2.538.246.421 ; 20.839 ; 2.197.699.866 ; 17.348 ; 2.367.558.233 ; 56.740 ; 10.734.735.001 ; 591 ; 1.248.986.962 ; 618 ; 1.971.351.080 ; 1.209 ; 3.220.338.043 ; 57.949 ; 13.955.073.043 ;;;;
7;33.172.537;BANCO J.P. MORGAN S.A.; 133 ; 187.297.926 ; 1.560 ; 558.752.868 ; 902 ; 3.579.414.682 ; 1.954 ; 2.595.128.594 ; 4.549 ; 6.920.594.070 ; 231 ; 1.456.750.178 ; 317 ; 2.395.319.286 ; 548 ; 3.852.069.463 ; 5.097 ; 10.772.663.533 ;;;;
8;01.522.368;BANCO BNP PARIBAS BRASIL S.A.; 192 ; 324.753.207 ; 820 ; 556.290.945 ; 528 ; 1.416.840.295 ; 1.557 ; 1.702.237.373 ; 3.097 ; 4.000.121.820 ; 304 ; 3.102.992.946 ; 314 ; 2.839.873.157 ; 618 ; 5.942.866.102 ; 3.715 ; 9.942.987.922 ;;;;
9;30.306.294;BANCO BTG PACTUAL S.A.; 14 ; 185.972.715 ; 10 ; 21.154.617 ; 418 ; 743.771.115 ; 584 ; 768.013.753 ; 1.026 ; 1.718.912.201 ; 131 ; 4.118.667.032 ; 131 ; 3.386.868.688 ; 262 ; 7.505.535.720 ; 1.288 ; 9.224.447.921 ;;;;
10;62.331.228;DEUTSCHE BANK S.A. - BANCO ALEMAO; 144 ; 464.617.652 ; 504 ; 249.021.900 ; 321 ; 927.595.520 ; 800 ; 1.092.638.429 ; 1.769 ; 2.733.873.502 ; 213 ; 2.383.037.639 ; 217 ; 2.425.057.045 ; 430 ; 4.808.094.685 ; 2.199 ; 7.541.968.187 ;;;;
11;33.987.793;BANCO DE INVESTIMENTOS CREDIT SUISSE (BRASIL) S.A.; 3 ; 8.071.121 ;;; 110 ; 917.296.151 ; 177 ; 881.916.440 ; 290 ; 1.807.283.711 ; 70 ; 1.977.945.457 ; 93 ; 2.408.395.888 ; 163 ; 4.386.341.345 ; 453 ; 6.193.625.056 ;;;;
12;62.073.200;BANK OF AMERICA MERRILL LYNCH BANCO MÈLTIPLO S.A.; 23 ; 58.391.729 ; 12 ; 52.362.436 ; 131 ; 1.467.086.330 ; 165 ; 1.103.495.313 ; 331 ; 2.681.335.808 ; 68 ; 886.299.381 ; 54 ; 982.639.013 ; 122 ; 1.868.938.394 ; 453 ; 4.550.274.201 ;;;;
13;61.146.577;BANCO BARCLAYS S.A.;;; 1 ; 53.721 ; 179 ; 1.083.580.636 ; 236 ; 508.511.086 ; 416 ; 1.592.145.443 ; 118 ; 1.149.131.863 ; 170 ; 1.505.490.711 ; 288 ; 2.654.622.575 ; 704 ; 4.246.768.017 ;;;;
14;61.820.817;BANCO PAULISTA S.A.; 44 ; 3.829.882 ; 451 ; 31.403.315 ; 1.216 ; 79.589.816 ; 2.507 ; 231.877.475 ; 4.218 ; 346.700.489 ; 1.377 ; 1.995.230.860 ; 10.033 ; 1.846.975.455 ; 11.410 ; 3.842.206.315 ; 15.628 ; 4.188.906.804 ;;;;
15;02.801.938;BANCO MORGAN STANLEY S.A.;;;;; 517 ; 1.597.534.920 ; 507 ; 1.056.117.991 ; 1.024 ; 2.653.652.911 ; 9 ; 129.000.000 ; 49 ; 995.000.000 ; 58 ; 1.124.000.000 ; 1.082 ; 3.777.652.911 ;;;;
16;59.588.111;BANCO VOTORANTIM S.A.; 61 ; 82.502.246 ; 585 ; 193.027.465 ; 137 ; 200.904.863 ; 568 ; 385.866.923 ; 1.351 ; 862.301.497 ; 140 ; 1.592.383.210 ; 445 ; 967.461.277 ; 585 ; 2.559.844.487 ; 1.936 ; 3.422.145.984 ;;;;
17;60.498.557;BANCO DE TOKYO-MITSUBISHI UFJ BRASIL S.A.; 128 ; 60.824.238 ; 482 ; 97.526.979 ; 445 ; 264.283.267 ; 383 ; 52.835.661 ; 1.438 ; 475.470.144 ; 327 ; 1.358.681.005 ; 420 ; 1.534.789.577 ; 747 ; 2.893.470.582 ; 2.185 ; 3.368.940.726 ;;;;
18;61.533.584;BANCO SOCIETE GENERALE BRASIL S.A.; 13 ; 9.598.503 ; 311 ; 41.866.287 ; 152 ; 621.432.791 ; 269 ; 414.521.523 ; 745 ; 1.087.419.104 ; 142 ; 767.941.845 ; 154 ; 933.704.364 ; 296 ; 1.701.646.209 ; 1.041 ; 2.789.065.313 ;;;;
19;00.038.166;BANCO CENTRAL DO BRASIL;;;;; 11 ; 17.082.566 ;;; 11 ; 17.082.566 ; 2 ; 550.000.000 ; 2 ; 550.000.000 ; 4 ; 1.100.000.000 ; 15 ; 1.117.082.566 ;;;;
20;04.332.281;GOLDMAN SACHS DO BRASIL BANCO MULTIPLO S.A.;;;;; 183 ; 545.745.191 ; 181 ; 736.100.511 ; 364 ; 1.281.845.702 ; 7 ; 350.000.000 ; 10 ; 308.219.160 ; 17 ; 658.219.160 ; 381 ; 1.940.064.862 ;;;;
21;11.703.662;BANCO CONFIDENCE DE C∂MBIO S.A.; 15 ; 667.829 ; 317 ; 15.598.710 ; 119 ; 4.728.845 ; 543 ; 29.251.543 ; 994 ; 50.246.927 ; 1.148 ; 815.214.890 ; 9.688 ; 787.964.268 ; 10.836 ; 1.603.179.158 ; 11.830 ; 1.653.426.085 ;;;;
22;58.160.789;BANCO SAFRA S.A.; 231 ; 206.854.969 ; 1.032 ; 237.112.612 ; 818 ; 171.672.037 ; 2.908 ; 270.978.243 ; 4.989 ; 886.617.862 ; 87 ; 338.554.035 ; 75 ; 207.393.659 ; 162 ; 545.947.694 ; 5.151 ; 1.432.565.556 ;;;;
23;33.657.248;BANCO NACIONAL DE DESENVOLVIMENTO ECONOMICO E SOCIAL; 21 ; 9.483.875 ;;; 36 ; 685.730.354 ; 67 ; 28.720.262 ; 124 ; 723.934.491 ; 3 ; 1.846.650 ; 7 ; 700.000.000 ; 10 ; 701.846.650 ; 134 ; 1.425.781.141 ;;;;
24;46.518.205;JPMORGAN CHASE BANK, NATIONAL ASSOCIATION;;;;; 13 ; 403.000.000 ; 3 ; 157.600.000 ; 16 ; 560.600.000 ; 3 ; 157.600.000 ; 13 ; 403.000.000 ; 16 ; 560.600.000 ; 32 ; 1.121.200.000 ;;;;
25;60.518.222;BANCO SUMITOMO MITSUI BRASILEIRO S.A.; 124 ; 172.410.600 ; 301 ; 110.431.338 ; 250 ; 173.211.219 ; 432 ; 86.064.580 ; 1.107 ; 542.117.737 ; 46 ; 184.685.929 ; 58 ; 329.641.399 ; 104 ; 514.327.328 ; 1.211 ; 1.056.445.065 ;;;;
26;01.023.570;BANCO RABOBANK INTERNATIONAL BRASIL S.A.; 33 ; 167.855.172 ; 37 ; 11.245.165 ; 55 ; 189.831.522 ; 188 ; 81.832.157 ; 313 ; 450.764.016 ; 29 ; 170.018.517 ; 36 ; 380.040.195 ; 65 ; 550.058.712 ; 378 ; 1.000.822.728 ;;;;
27;34.111.187;BES INVESTIMENTO DO BRASIL S.A. - BANCO DE INVESTIMENTO; 2 ; 272.847 ;;; 120 ; 45.382.582 ; 118 ; 23.334.458 ; 240 ; 68.989.887 ; 69 ; 409.213.074 ; 75 ; 514.097.652 ; 144 ; 923.310.726 ; 384 ; 992.300.613 ;;;;
28;68.900.810;BANCO RENDIMENTO S.A.; 6 ; 186.840 ; 119 ; 8.010.390 ; 3.050 ; 80.453.738 ; 2.807 ; 179.064.269 ; 5.982 ; 267.715.236 ; 358 ; 362.426.240 ; 6.386 ; 286.779.141 ; 6.744 ; 649.205.381 ; 12.726 ; 916.920.617 ;;;;
29;62.232.889;BANCO DAYCOVAL S.A.; 126 ; 68.313.964 ; 494 ; 69.758.408 ; 559 ; 52.360.851 ; 2.962 ; 113.907.137 ; 4.141 ; 304.340.359 ; 298 ; 281.834.165 ; 324 ; 228.305.946 ; 622 ; 510.140.111 ; 4.763 ; 814.480.470 ;;;;
30;17.298.092;BANCO ITAÈ BBA S.A.;;;;;;;;; -   ; -   ; 2 ; 7.554.038 ; 10 ; 789.617.559 ; 12 ; 797.171.597 ; 12 ; 797.171.597 ;;;;
31;28.195.667;BANCO ABC BRASIL S.A.; 39 ; 34.498.014 ; 104 ; 11.681.586 ; 13 ; 5.209.277 ; 206 ; 19.669.984 ; 362 ; 71.058.862 ; 10 ; 280.774.040 ; 18 ; 272.444.330 ; 28 ; 553.218.370 ; 390 ; 624.277.232 ;;;;
32;49.336.860;ING BANK N.V.; 52 ; 239.933.678 ; 1 ; 3.193.299 ; 6 ; 29.955.255 ; 75 ; 4.745.861 ; 134 ; 277.828.093 ;;; 22 ; 327.000.000 ; 22 ; 327.000.000 ; 156 ; 604.828.093 ;;;;
33;07.450.604;BANCO INDUSTRIAL E COMERCIAL S.A.; 129 ; 79.018.602 ; 226 ; 24.841.405 ; 46 ; 9.056.740 ; 313 ; 100.459.788 ; 714 ; 213.376.535 ; 38 ; 109.418.112 ; 39 ; 71.867.957 ; 77 ; 181.286.069 ; 791 ; 394.662.605 ;;;;
34;44.189.447;BANCO DE LA PROVINCIA DE BUENOS AIRES; 7 ; 1.496.368 ; 4 ; 148.192 ; 4 ; 8.950 ; 5 ; 5.432 ; 20 ; 1.658.942 ; 42 ; 191.850.000 ; 50 ; 194.950.000 ; 92 ; 386.800.000 ; 112 ; 388.458.942 ;;;;
35;11.932.017;STANDARD CHARTERED BANK (BRASIL) S.A. ñ BANCO DE INVESTIMENTO; 9 ; 50.000.000 ; 4 ; 5.216.058 ; 19 ; 7.660.108 ; 49 ; 27.114.218 ; 81 ; 89.990.384 ; 20 ; 136.368.385 ; 25 ; 139.001.630 ; 45 ; 275.370.015 ; 126 ; 365.360.399 ;;;;
36;33.884.941;BANIF - BANCO INTERNACIONAL DO FUNCHAL (BRASIL), S.A.; 3 ; 136.419 ; 26 ; 573.886 ; 58 ; 20.474.746 ; 111 ; 20.590.360 ; 198 ; 41.775.412 ; 89 ; 160.251.300 ; 114 ; 160.505.360 ; 203 ; 320.756.660 ; 401 ; 362.532.072 ;;;;
37;00.360.305;CAIXA ECONOMICA FEDERAL; 89 ; 9.315.187 ; 197 ; 4.659.137 ; 3.405 ; 22.261.983 ; 8.120 ; 58.138.315 ; 11.811 ; 94.374.623 ; 102 ; 145.694.182 ; 97 ; 116.655.337 ; 199 ; 262.349.519 ; 12.010 ; 356.724.142 ;;;;
38;33.466.988;BANCO CAIXA GERAL - BRASIL S.A.;;; 2 ; 26.804 ; 12 ; 965.064 ; 20 ; 533.286 ; 34 ; 1.525.154 ; 22 ; 175.350.000 ; 37 ; 173.250.000 ; 59 ; 348.600.000 ; 93 ; 350.125.154 ;;;;
39;07.656.500;BANCO KDB DO BRASIL S.A.;;;;; 96 ; 63.581.901 ; 106 ; 21.288.575 ; 202 ; 84.870.476 ; 9 ; 110.064.188 ; 38 ; 151.650.000 ; 47 ; 261.714.188 ; 249 ; 346.584.665 ;;;;
40;15.114.366;BANCO BBM S/A; 19 ; 10.348.466 ; 4 ; 11.849.286 ; 12 ; 818.108 ; 40 ; 1.815.923 ; 75 ; 24.831.784 ; 17 ; 137.007.991 ; 15 ; 171.508.027 ; 32 ; 308.516.019 ; 107 ; 333.347.802 ;;;;
41;29.030.467;SCOTIABANK BRASIL S.A. BANCO MÈLTIPLO; 7 ; 57.922.548 ; 7 ; 4.000.962 ; 9 ; 56.934.823 ; 39 ; 1.184.752 ; 62 ; 120.043.085 ; 7 ; 29.894.517 ; 21 ; 165.869.830 ; 28 ; 195.764.347 ; 90 ; 315.807.432 ;;;;
42;73.622.748;B & T ASSOCIADOS CORRETORA DE C∂MBIO LTDA.; 23 ; 603.311 ; 421 ; 11.540.039 ; 552 ; 4.390.070 ; 1.492 ; 89.078.272 ; 2.488 ; 105.611.692 ; 3.012 ; 149.138.689 ; 211 ; 53.580.000 ; 3.223 ; 202.718.689 ; 5.711 ; 308.330.381 ;;;;
43;03.512.293;FITTA DISTRIBUIDORA DE TITULOS E VALORES MOBILIARIOS S.A.; 4 ; 123.266 ; 29 ; 394.664 ; 352 ; 5.100.344 ; 1.212 ; 27.049.439 ; 1.597 ; 32.667.714 ; 2.504 ; 144.413.755 ; 427 ; 122.031.438 ; 2.931 ; 266.445.193 ; 4.528 ; 299.112.907 ;;;;
44;75.647.891;BANCO CRêDIT AGRICOLE BRASIL S.A.; 13 ; 49.818.803 ; 11 ; 1.112.987 ; 12 ; 1.211.956 ; 48 ; 5.077.270 ; 84 ; 57.221.015 ; 38 ; 79.819.747 ; 45 ; 150.779.628 ; 83 ; 230.599.375 ; 167 ; 287.820.391 ;;;;
45;13.059.145;BEXS BANCO DE C∂MBIO S/A; 19 ; 3.416.078 ; 136 ; 6.928.768 ; 166 ; 41.836.179 ; 351 ; 25.286.741 ; 672 ; 77.467.766 ; 239 ; 92.220.831 ; 269 ; 105.374.028 ; 508 ; 197.594.860 ; 1.180 ; 275.062.625 ;;;;
46;92.702.067;BANCO DO ESTADO DO RIO GRANDE DO SUL S.A.; 670 ; 95.973.677 ; 1.227 ; 62.506.993 ; 348 ; 6.962.831 ; 1.436 ; 19.474.880 ; 3.681 ; 184.918.380 ; 25 ; 30.578.817 ; 23 ; 50.681.164 ; 48 ; 81.259.980 ; 3.729 ; 266.178.361 ;;;;
47;52.937.216;BEXS CORRETORA DE C∂MBIO S/A;;;;; 276 ; 612.359 ; 2.972 ; 20.507.232 ; 3.248 ; 21.119.591 ; 646 ; 126.850.237 ; 157 ; 105.924.013 ; 803 ; 232.774.250 ; 4.051 ; 253.893.841 ;;;;
48;74.451.022;TOV CORRETORA DE C∂MBIO, T÷TULOS E VALORES MOBILIµRIOS LTDA; 29 ; 1.092.986 ; 1.505 ; 74.317.415 ; 328 ; 2.121.434 ; 3.220 ; 33.785.642 ; 5.082 ; 111.317.477 ; 1.325 ; 109.477.362 ; 41 ; 3.714.897 ; 1.366 ; 113.192.260 ; 6.448 ; 224.509.736 ;;;;
49;33.923.798;BANCO MµXIMA S.A.; 31 ; 513.269 ; 341 ; 17.566.733 ; 61 ; 19.331.505 ; 255 ; 15.557.476 ; 688 ; 52.968.983 ; 231 ; 87.638.370 ; 1.360 ; 73.069.517 ; 1.591 ; 160.707.887 ; 2.279 ; 213.676.870 ;;;;
50;04.913.129;CONFIDENCE CORRETORA DE C∂MBIO S.A.;;;;; 1.342 ; 9.352.310 ; 5.625 ; 66.402.005 ; 6.967 ; 75.754.315 ; 2.024 ; 94.760.120 ; 168 ; 34.840.835 ; 2.192 ; 129.600.954 ; 9.159 ; 205.355.269 ;;;;
51;71.027.866;BANCO BONSUCESSO S.A.;;;;; 76 ; 310.860 ; 173 ; 2.760.305 ; 249 ; 3.071.165 ; 135 ; 95.819.703 ; 380 ; 93.175.263 ; 515 ; 188.994.966 ; 764 ; 192.066.131 ;;;;
52;78.632.767;BANCO OURINVEST S.A.;;; 3 ; 413.143 ; 110 ; 6.979.367 ; 400 ; 10.607.474 ; 513 ; 17.999.984 ; 182 ; 83.944.469 ; 2.062 ; 86.005.858 ; 2.244 ; 169.950.327 ; 2.757 ; 187.950.311 ;;;;
53;02.992.317;TREVISO CORRETORA DE C∂MBIO S.A.; 6 ; 91.238 ; 108 ; 2.949.683 ; 381 ; 3.023.959 ; 1.910 ; 33.516.791 ; 2.405 ; 39.581.671 ; 1.680 ; 88.274.132 ; 307 ; 54.877.015 ; 1.987 ; 143.151.147 ; 4.392 ; 182.732.818 ;;;;
54;62.144.175;BANCO PINE S.A.; 7 ; 11.864.088 ; 78 ; 26.981.804 ; 7 ; 401.340 ; 86 ; 36.646.695 ; 178 ; 75.893.926 ; 3 ; 100.084.462 ; 1 ; 84.400 ; 4 ; 100.168.862 ; 182 ; 176.062.788 ;;;;
55;17.354.911;COTACAO DISTRIBUIDORA DE TITULOS E VALORES MOBILIARIOS S.A; 5 ; 131.195 ; 111 ; 1.553.573 ; 838 ; 8.986.424 ; 6.033 ; 77.714.562 ; 6.987 ; 88.385.754 ; 750 ; 71.077.947 ; 4 ; 141.926 ; 754 ; 71.219.873 ; 7.741 ; 159.605.627 ;;;;
56;92.856.905;ADVANCED CORRETORA DE C∂MBIO LTDA; 59 ; 1.955.258 ; 1.059 ; 31.698.000 ; 594 ; 5.797.550 ; 2.397 ; 23.843.020 ; 4.109 ; 63.293.828 ; 448 ; 49.805.982 ; 46 ; 2.221.390 ; 494 ; 52.027.372 ; 4.603 ; 115.321.200 ;;;;
57;06.917.793;PREVIBANK S.A. DISTRIBUIDORA DE T÷TULOS E VALORES MOBILIµRIOS; 3 ; 110.968 ; 630 ; 47.503.038 ; 269 ; 1.082.829 ; 3.359 ; 7.557.666 ; 4.261 ; 56.254.501 ; 763 ; 55.196.799 ; 27 ; 967.173 ; 790 ; 56.163.973 ; 5.051 ; 112.418.474 ;;;;
58;28.127.603;BANESTES S.A. BANCO DO ESTADO DO ESPIRITO SANTO; 523 ; 33.536.953 ; 253 ; 12.489.946 ; 104 ; 3.250.485 ; 289 ; 1.661.131 ; 1.169 ; 50.938.515 ; 23 ; 16.827.263 ; 73 ; 39.525.956 ; 96 ; 56.353.219 ; 1.265 ; 107.291.734 ;;;;
59;16.944.141;BROKER BRASIL CORRETORA DE C∂MBIO LTDA.;;; 117 ; 2.628.593 ; 103 ; 235.276 ; 788 ; 44.627.120 ; 1.008 ; 47.490.989 ; 884 ; 52.173.697 ; 60 ; 5.171.546 ; 944 ; 57.345.243 ; 1.952 ; 104.836.232 ;;;;
60;03.609.817;BANCO CARGILL S.A.; 7 ; 43.646.571 ;;; 3 ; 12.116.461 ; 11 ; 3.358.824 ; 21 ; 59.121.856 ; 1 ; 1.500.000 ; 4 ; 41.500.000 ; 5 ; 43.000.000 ; 26 ; 102.121.856 ;;;;
61;12.586.596;MULTIMONEY CORRETORA DE C∂MBIO LTDA; 12 ; 666.152 ; 203 ; 4.659.221 ; 323 ; 1.466.898 ; 1.454 ; 19.256.858 ; 1.992 ; 26.049.129 ; 1.041 ; 48.741.311 ; 596 ; 26.625.254 ; 1.637 ; 75.366.565 ; 3.629 ; 101.415.694 ;;;;
62;58.616.418;BANCO FIBRA S.A.; 83 ; 9.911.064 ; 179 ; 10.401.930 ; 125 ; 2.667.335 ; 290 ; 15.764.120 ; 677 ; 38.744.449 ; 38 ; 55.526.639 ; 17 ; 6.250.689 ; 55 ; 61.777.328 ; 732 ; 100.521.777 ;;;;
63;32.648.370;FAIR CORRETORA DE CAMBIO S.A.; 26 ; 321.449 ; 862 ; 22.643.130 ; 510 ; 7.524.717 ; 2.434 ; 27.466.697 ; 3.832 ; 57.955.994 ; 360 ; 42.293.816 ; 1 ; 93.752 ; 361 ; 42.387.568 ; 4.193 ; 100.343.562 ;;;;
64;33.886.862;MAXIMA S.A. CORRETORA DE CAMBIO, TITULOS E VALORES MOBILIARIOS;;;;; 114 ; 391.148 ; 2.359 ; 50.088.500 ; 2.473 ; 50.479.647 ; 388 ; 49.450.018 ; 3 ; 42.503 ; 391 ; 49.492.521 ; 2.864 ; 99.972.168 ;;;;
65;72.760.713;RENOVA S.A. CORRETORA DE C∂MBIO; 3 ; 88.791 ; 43 ; 575.149 ; 276 ; 1.463.804 ; 1.619 ; 14.412.348 ; 1.941 ; 16.540.090 ; 862 ; 45.908.621 ; 55 ; 32.552.802 ; 917 ; 78.461.423 ; 2.858 ; 95.001.513 ;;;;
66;00.250.699;AGK CORRETORA DE CAMBIO S.A.; 27 ; 885.542 ; 873 ; 28.647.595 ; 369 ; 14.787.666 ; 746 ; 7.480.081 ; 2.015 ; 51.800.884 ; 275 ; 30.049.616 ; 5 ; 9.619.781 ; 280 ; 39.669.397 ; 2.295 ; 91.470.281 ;;;;
67;11.495.073;OM DISTRIBUIDORA DE T÷TULOS E VALORES MOBILIµRIOS LTDA;;; 31 ; 1.988.173 ; 570 ; 2.144.527 ; 1.644 ; 21.211.117 ; 2.245 ; 25.343.817 ; 900 ; 40.346.131 ; 154 ; 19.476.222 ; 1.054 ; 59.822.354 ; 3.299 ; 85.166.171 ;;;;
68;61.024.352;BANCO INDUSVAL S.A.; 62 ; 26.743.542 ; 37 ; 3.660.574 ; 19 ; 314.407 ; 84 ; 3.764.630 ; 202 ; 34.483.153 ; 24 ; 14.204.673 ; 47 ; 33.904.353 ; 71 ; 48.109.026 ; 273 ; 82.592.179 ;;;;
69;67.391.821;S. HAYATA CORRETORA DE C∂MBIO S.A.; 5 ; 57.980 ; 351 ; 16.605.324 ; 99 ; 458.544 ; 4.390 ; 22.602.910 ; 4.845 ; 39.724.759 ; 735 ; 38.809.298 ; 1 ; 70.000 ; 736 ; 38.879.298 ; 5.581 ; 78.604.056 ;;;;
70;60.889.128;BANCO SOFISA S.A.; 116 ; 24.711.518 ; 99 ; 6.042.132 ; 16 ; 382.342 ; 115 ; 12.175.149 ; 346 ; 43.311.141 ; 10 ; 594.433 ; 5 ; 30.507.464 ; 15 ; 31.101.897 ; 361 ; 74.413.038 ;;;;
71;15.230.501;CATEDRAL CORRETORA DE C∂MBIO E T÷TULOS MOBILIµRIOS LTDA.;;; 1 ; 3.750 ;;; 1.262 ; 36.825.144 ; 1.263 ; 36.828.894 ; 111 ; 36.830.083 ;;; 111 ; 36.830.083 ; 1.374 ; 73.658.977 ;;;;
72;00.000.208;BRB - BANCO DE BRASILIA S.A.;;; 65 ; 26.453.716 ; 38 ; 5.144.332 ; 444 ; 3.485.858 ; 547 ; 35.083.906 ; 25 ; 30.421.951 ; 3 ; 6.049.538 ; 28 ; 36.471.489 ; 575 ; 71.555.395 ;;;;
73;30.723.886;BANCO MODAL S.A.; 12 ; 6.635.068 ; 80 ; 7.544.493 ; 7 ; 3.541.231 ; 43 ; 24.268.113 ; 142 ; 41.988.905 ; 17 ; 13.854.785 ; 15 ; 13.537.339 ; 32 ; 27.392.124 ; 174 ; 69.381.029 ;;;;
74;61.186.680;BANCO BMG S.A.;;;;;;; 4 ; 11.385.285 ; 4 ; 11.385.285 ; 4 ; 50.686.600 ;;; 4 ; 50.686.600 ; 8 ; 62.071.885 ;;;;
75;17.184.037;BANCO MERCANTIL DO BRASIL S.A.; 8 ; 4.081.018 ; 31 ; 1.663.214 ; 39 ; 848.603 ; 103 ; 3.660.285 ; 181 ; 10.253.120 ; 76 ; 26.099.870 ; 40 ; 25.671.395 ; 116 ; 51.771.266 ; 297 ; 62.024.386 ;;;;
76;00.997.185;BANCO BM&FBOVESPA DE SERVIÄOS DE LIQUIDAÄ«O E CUST‡DIA S.A.;;;;; 20 ; 7.577.032 ; 29 ; 19.949.129 ; 49 ; 27.526.160 ; 24 ; 19.960.000 ; 11 ; 7.555.000 ; 35 ; 27.515.000 ; 84 ; 55.041.160 ;;;;
77;61.088.183;BANCO MIZUHO DO BRASIL S.A.; 4 ; 18.750.000 ; 7 ; 637.518 ; 7 ; 123.793 ; 12 ; 1.195.531 ; 30 ; 20.706.841 ; 11 ; 6.716.489 ; 15 ; 26.217.194 ; 26 ; 32.933.684 ; 56 ; 53.640.525 ;;;;
78;02.318.507;BANCO KEB DO BRASIL S.A.;;; 18 ; 8.513.736 ; 32 ; 12.067.669 ; 230 ; 10.047.689 ; 280 ; 30.629.095 ; 20 ; 13.290.000 ; 6 ; 6.850.000 ; 26 ; 20.140.000 ; 306 ; 50.769.095 ;;;;
79;17.453.575;ICBC DO BRASIL BANCO MÈLTIPLO S.A.; 1 ; 20.000.000 ; 1 ; 19.457 ; 4 ; 5.070.975 ; 5 ; 4.616 ; 11 ; 25.095.048 ;;; 3 ; 25.070.000 ; 3 ; 25.070.000 ; 14 ; 50.165.048 ;;;;
80;24.074.692;GUITTA CORRETORA DE CAMBIO LTDA.; 18 ; 492.877 ; 713 ; 16.878.381 ; 119 ; 2.451.671 ; 633 ; 7.309.514 ; 1.483 ; 27.132.443 ; 312 ; 21.683.749 ; 7 ; 460.061 ; 319 ; 22.143.809 ; 1.802 ; 49.276.252 ;;;;
81;59.285.411;BANCO PANAMERICANO S.A.; 17 ; 19.535.427 ;;; 10 ; 78.951 ; 29 ; 998.210 ; 56 ; 20.612.587 ;;; 16 ; 27.800.000 ; 16 ; 27.800.000 ; 72 ; 48.412.587 ;;;;
82;50.579.044;LEVYCAM - CORRETORA DE CAMBIO E VALORES LTDA.; 9 ; 86.801 ; 390 ; 9.994.204 ; 202 ; 2.193.935 ; 1.096 ; 12.415.935 ; 1.697 ; 24.690.874 ; 461 ; 20.903.238 ; 17 ; 780.405 ; 478 ; 21.683.643 ; 2.175 ; 46.374.517 ;;;;
83;01.181.521;BANCO COOPERATIVO SICREDI S.A.; 204 ; 11.053.082 ; 216 ; 7.646.720 ; 95 ; 2.444.876 ; 217 ; 11.848.409 ; 732 ; 32.993.088 ; 16 ; 8.570.678 ; 9 ; 2.492.232 ; 25 ; 11.062.910 ; 757 ; 44.055.998 ;;;;
84;31.895.683;BANCO INDUSTRIAL DO BRASIL S.A.; 79 ; 10.061.383 ; 117 ; 11.144.829 ; 11 ; 107.436 ; 56 ; 593.673 ; 263 ; 21.907.319 ; 47 ; 11.846.408 ; 28 ; 10.257.008 ; 75 ; 22.103.416 ; 338 ; 44.010.736 ;;;;
85;35.602.606;MIDAS SOCIEDADE CORRETORA DE C∂MBIO S.A.;;; 7 ; 32.923 ; 33 ; 70.596 ; 7.640 ; 21.036.343 ; 7.680 ; 21.139.862 ; 265 ; 21.031.091 ; 1 ; 150.000 ; 266 ; 21.181.091 ; 7.946 ; 42.320.954 ;;;;
86;10.853.017;TURMALINA CORRETORA DE C∂MBIO S.A.;;; 7 ; 345.821 ; 378 ; 1.471.828 ; 760 ; 20.495.812 ; 1.145 ; 22.313.461 ; 533 ; 19.451.599 ; 9 ; 146.614 ; 542 ; 19.598.213 ; 1.687 ; 41.911.674 ;;;;
87;13.728.156;WESTERN UNION CORRETORA DE C∂MBIO S.A.;;;;; 210 ; 8.383.548 ; 122 ; 17.886.753 ; 332 ; 26.270.301 ; 106 ; 12.903.270 ; 3 ; 230.000 ; 109 ; 13.133.270 ; 441 ; 39.403.571 ;;;;
88;60.770.336;BANCO ALFA DE INVESTIMENTO S.A.; 4 ; 1.272.222 ; 17 ; 2.381.219 ; 12 ; 2.354.911 ; 66 ; 12.375.399 ; 99 ; 18.383.750 ; 38 ; 15.653.483 ; 14 ; 5.155.271 ; 52 ; 20.808.753 ; 151 ; 39.192.504 ;;;;
89;15.357.060;BANCO WOORI BANK DO BRASIL S.A.;;; 22 ; 13.205.127 ; 8 ; 857.383 ; 121 ; 5.791.816 ; 151 ; 19.854.326 ; 22 ; 18.770.000 ; 1 ; 500.000 ; 23 ; 19.270.000 ; 174 ; 39.124.326 ;;;;
90;10.838.114;DISTRI-CASH  DISTRIBUIDORA DE T÷TULOS E VALORES MOBILIµRIOS S.A.;;;;; 181 ; 594.083 ; 312 ; 18.351.414 ; 493 ; 18.945.496 ; 257 ; 17.856.770 ; 4 ; 206.268 ; 261 ; 18.063.037 ; 754 ; 37.008.534 ;;;;
91;08.609.934;NOVO MUNDO CORRETORA DE C∂MBIO S.A.;;; 35 ; 478.747 ; 328 ; 956.466 ; 1.379 ; 15.034.161 ; 1.742 ; 16.469.374 ; 653 ; 17.283.028 ; 25 ; 2.721.070 ; 678 ; 20.004.098 ; 2.420 ; 36.473.472 ;;;;
92;45.246.410;BRASIL PLURAL S.A. BANCO MÈLTIPLO;;; 13 ; 503.463 ; 41 ; 12.737.694 ; 48 ; 4.749.890 ; 102 ; 17.991.047 ; 25 ; 5.146.012 ; 17 ; 12.647.552 ; 42 ; 17.793.564 ; 144 ; 35.784.612 ;;;;
93;17.312.786;CORVAL - CORRETORA DE VALORES MOBILIARIOS S/A;;; 226 ; 11.172.970 ; 4 ; 584 ; 121 ; 3.187.696 ; 351 ; 14.361.250 ; 405 ; 17.419.158 ; 15 ; 3.044.264 ; 420 ; 20.463.421 ; 771 ; 34.824.671 ;;;;
94;09.516.419;BANCO ORIGINAL DO AGRONEG‡CIO S.A.; 8 ; 9.066.657 ; 23 ; 7.388.492 ; 2 ; 70.803 ; 99 ; 504.841 ; 132 ; 17.030.792 ; 8 ; 7.843.608 ; 4 ; 9.003.986 ; 12 ; 16.847.594 ; 144 ; 33.878.386 ;;;;
95;69.251.239;PIONEER CORRETORA DE CAMBIO LTDA; 12 ; 262.186 ; 241 ; 5.930.805 ; 93 ; 1.386.832 ; 660 ; 8.848.095 ; 1.006 ; 16.427.919 ; 549 ; 14.743.139 ; 56 ; 1.566.523 ; 605 ; 16.309.661 ; 1.611 ; 32.737.580 ;;;;
96;07.237.373;BANCO DO NORDESTE DO BRASIL S.A.; 22 ; 7.312.506 ; 32 ; 3.716.057 ; 18 ; 123.752 ; 31 ; 2.224.091 ; 103 ; 13.376.406 ; 11 ; 9.004.490 ; 14 ; 9.701.325 ; 25 ; 18.705.815 ; 128 ; 32.082.221 ;;;;
97;04.062.902;VISION S.A. CORRETORA DE CAMBIO; 10 ; 73.460 ; 290 ; 7.112.259 ; 74 ; 1.026.266 ; 423 ; 7.365.176 ; 797 ; 15.577.161 ; 823 ; 13.741.737 ; 11 ; 361.198 ; 834 ; 14.102.935 ; 1.631 ; 29.680.095 ;;;;
98;40.353.377;FOURTRADE CORRETORA DE C∂MBIO LTDA.; 18 ; 546.733 ; 168 ; 4.155.505 ; 95 ; 1.554.028 ; 686 ; 9.472.197 ; 967 ; 15.728.463 ; 337 ; 12.710.644 ; 17 ; 1.017.105 ; 354 ; 13.727.749 ; 1.321 ; 29.456.212 ;;;;
99;50.657.675;SLW CORRETORA DE VALORES E C∂MBIO LTDA.;;; 182 ; 9.784.009 ; 2 ; 2.148 ; 178 ; 3.898.541 ; 362 ; 13.684.698 ; 157 ; 13.889.380 ; 2 ; 212.782 ; 159 ; 14.102.162 ; 521 ; 27.786.860 ;;;;
100;77.162.881;DEBONI DISTRIBUIDORA DE TITULOS E VALORES MOBILIARIOS LTDA; 1 ; 59.722 ; 40 ; 668.307 ; 191 ; 241.333 ; 1.549 ; 3.536.334 ; 1.781 ; 4.505.695 ; 241 ; 13.345.293 ; 39 ; 9.445.713 ; 280 ; 22.791.006 ; 2.061 ; 27.296.701 ;;;;
101;06.373.777;BOA VIAGEM SOCIEDADE CORRETORA DE C∂MBIO LTDA.;;; 12 ; 130.411 ; 291 ; 984.639 ; 1.318 ; 9.018.538 ; 1.621 ; 10.133.588 ; 381 ; 10.366.184 ; 23 ; 2.189.195 ; 404 ; 12.555.379 ; 2.025 ; 22.688.967 ;;;;
102;07.679.404;BANCO TOPµZIO S.A.; 10 ; 1.050.654 ; 3 ; 20.087 ; 5 ; 305.062 ; 115 ; 11.026.811 ; 133 ; 12.402.614 ; 43 ; 9.927.000 ; 1 ; 190.000 ; 44 ; 10.117.000 ; 177 ; 22.519.614 ;;;;
103;10.690.848;BANCO DA CHINA BRASIL S.A.; 2 ; 346.542 ; 3 ; 68.510 ; 9 ; 10.255.542 ; 26 ; 230.278 ; 40 ; 10.900.873 ; 1 ; 150.000 ; 2 ; 10.310.000 ; 3 ; 10.460.000 ; 43 ; 21.360.873 ;;;;
104;18.287.740;CONECTA CORRETORA DE C∂MBIO LTDA.;;;;; 143 ; 1.153.287 ; 369 ; 4.653.289 ; 512 ; 5.806.576 ; 143 ; 9.425.977 ; 37 ; 5.936.991 ; 180 ; 15.362.967 ; 692 ; 21.169.544 ;;;;
105;00.460.065;COLUNA S/A. DISTRIBUIDORA DE TITULOS E VALORES MOBILIµRIOS;;;;; 54 ; 162.899 ; 206 ; 5.369.631 ; 260 ; 5.532.530 ; 212 ; 10.297.800 ; 27 ; 5.099.703 ; 239 ; 15.397.503 ; 499 ; 20.930.033 ;;;;
106;62.237.649;CAROL DISTRIBUIDORA DE TITULOS E VALORES MOBILIARIOS LTDA.;;;;; 74 ; 227.332 ; 370 ; 8.662.510 ; 444 ; 8.889.843 ; 200 ; 8.821.696 ; 4 ; 395.914 ; 204 ; 9.217.610 ; 648 ; 18.107.453 ;;;;
107;59.118.133;BANCO LUSO BRASILEIRO S.A.; 4 ; 139.547 ;;; 3 ; 8.474.675 ; 10 ; 420.917 ; 17 ; 9.035.138 ; 4 ; 423.700 ; 6 ; 8.551.144 ; 10 ; 8.974.844 ; 27 ; 18.009.982 ;;;;
108;94.968.518;DECYSEO CORRETORA DE CAMBIO LTDA.;;; 71 ; 1.839.365 ; 76 ; 2.991.595 ; 552 ; 5.471.940 ; 699 ; 10.302.900 ; 137 ; 5.816.774 ; 14 ; 1.569.376 ; 151 ; 7.386.150 ; 850 ; 17.689.050 ;;;;
109;34.265.629;INTERCAM CORRETORA DE C∂MBIO LTDA.;;; 101 ; 3.278.518 ; 150 ; 863.635 ; 1.705 ; 4.120.970 ; 1.956 ; 8.263.123 ; 206 ; 7.216.152 ; 42 ; 531.753 ; 248 ; 7.747.905 ; 2.204 ; 16.011.029 ;;;;
110;62.285.390;SOCOPA SOCIEDADE CORRETORA PAULISTA S.A.; 9 ; 467.314 ; 164 ; 4.930.007 ; 48 ; 318.180 ; 336 ; 2.131.828 ; 557 ; 7.847.329 ; 282 ; 6.625.386 ; 4 ; 84.898 ; 286 ; 6.710.285 ; 843 ; 14.557.614 ;;;;
111;17.312.083;H H PICCHIONI S/A CORRETORA DE CAMBIO E VALORES MOBILIARIOS;;;;; 365 ; 564.596 ; 1.070 ; 6.746.415 ; 1.435 ; 7.311.011 ; 185 ; 6.182.565 ; 21 ; 70.979 ; 206 ; 6.253.545 ; 1.641 ; 13.564.556 ;;;;
112;34.974.170;HOYA CORRETORA DE VALORES E CAMBIO LTDA; 1 ; 50.000 ; 22 ; 328.986 ; 66 ; 144.636 ; 716 ; 5.371.172 ; 805 ; 5.894.793 ; 109 ; 5.454.253 ;;; 109 ; 5.454.253 ; 914 ; 11.349.046 ;;;;
113;04.902.979;BANCO DA AMAZONIA S.A.; 27 ; 3.564.385 ; 12 ; 330.721 ; 32 ; 959.764 ; 51 ; 696.487 ; 122 ; 5.551.358 ; 2 ; 942.012 ; 15 ; 4.300.930 ; 17 ; 5.242.942 ; 139 ; 10.794.300 ;;;;
114;14.190.547;CAMBIONET CORRETORA DE C∂MBIO LTDA.;;;;; 165 ; 381.661 ; 523 ; 4.914.795 ; 688 ; 5.296.456 ; 323 ; 4.516.996 ; 1 ; 4.021 ; 324 ; 4.521.017 ; 1.012 ; 9.817.473 ;;;;
115;65.982.589;GRACO CORRETORA DE CAMBIO S.A.; 1 ; 10.860 ; 78 ; 2.064.662 ; 71 ; 226.124 ; 318 ; 2.439.440 ; 468 ; 4.741.085 ; 209 ; 4.462.794 ; 28 ; 199.262 ; 237 ; 4.662.056 ; 705 ; 9.403.141 ;;;;
116;08.520.517;SOL CORRETORA DE C∂MBIO LTDA.;;; 1 ; 7.400 ; 217 ; 1.952.181 ; 455 ; 4.409.080 ; 673 ; 6.368.661 ; 104 ; 2.324.844 ; 2 ; 11.179 ; 106 ; 2.336.023 ; 779 ; 8.704.684 ;;;;
117;17.904.906;BRX CORRETORA DE C∂MBIO LTDA.;;;;; 106 ; 320.534 ; 330 ; 3.986.946 ; 436 ; 4.307.480 ; 257 ; 3.972.884 ; 11 ; 200.351 ; 268 ; 4.173.235 ; 704 ; 8.480.715 ;;;;
118;33.042.151;BANCO DE LA NACION ARGENTINA; 6 ; 2.114.830 ; 9 ; 1.223.520 ; 281 ; 434.400 ; 75 ; 105.940 ; 371 ; 3.878.690 ; 3 ; 1.470.000 ; 4 ; 2.550.000 ; 7 ; 4.020.000 ; 378 ; 7.898.690 ;;;;
119;61.033.106;BPN BRASIL BANCO MÈLTIPLO S.A.; 4 ; 77.536 ; 2 ; 84.060 ; 7 ; 1.757.253 ; 8 ; 14.619 ; 21 ; 1.933.468 ; 2 ; 2.053.185 ; 3 ; 3.803.863 ; 5 ; 5.857.048 ; 26 ; 7.790.516 ;;;;
120;57.582.264;TORRE CORRETORA DE C∂MBIO LTDA;;; 131 ; 2.857.752 ; 6 ; 51.947 ; 198 ; 680.848 ; 335 ; 3.590.546 ; 210 ; 3.554.233 ; 3 ; 50.173 ; 213 ; 3.604.406 ; 548 ; 7.194.952 ;;;;
121;71.590.442;LASTRO RDV DISTRIBUIDORA DE T÷TULOS E VALORES MOBILIµRIOS LTDA.;;; 5 ; 18.204 ; 113 ; 164.187 ; 994 ; 2.566.688 ; 1.112 ; 2.749.080 ; 216 ; 3.382.709 ; 14 ; 997.000 ; 230 ; 4.379.709 ; 1.342 ; 7.128.789 ;;;;
122;76.641.497;DOURADA CORRETORA DE C∂MBIO LTDA.; 9 ; 333.694 ; 28 ; 719.612 ; 82 ; 123.674 ; 1.011 ; 2.296.406 ; 1.130 ; 3.473.386 ; 108 ; 2.618.626 ; 4 ; 274.721 ; 112 ; 2.893.347 ; 1.242 ; 6.366.733 ;;;;
123;15.219.389;MACRO CORRETORA DE CAMBIO E VALORES MOBILIARIOS LTDA;;; 9 ; 243.081 ; 2 ; 150.000 ; 124 ; 2.466.497 ; 135 ; 2.859.578 ; 124 ; 2.780.384 ; 5 ; 221.019 ; 129 ; 3.001.404 ; 264 ; 5.860.982 ;;;;
124;06.132.348;LABOR SOCIEDADE CORRETORA DE C∂MBIO LTDA.;;;;; 651 ; 294.569 ; 2.098 ; 2.858.917 ; 2.749 ; 3.153.486 ; 70 ; 2.569.642 ;;; 70 ; 2.569.642 ; 2.819 ; 5.723.128 ;;;;
125;15.482.499;TURC∂MBIO - CORRETORA DE C∂MBIO LTDA.;;;;; 140 ; 398.636 ; 347 ; 2.671.194 ; 487 ; 3.069.830 ; 199 ; 2.420.044 ; 8 ; 154.668 ; 207 ; 2.574.712 ; 694 ; 5.644.543 ;;;;
126;13.220.493;BR PARTNERS BANCO DE INVESTIMENTO S.A.; 6 ; 2.350.000 ; 1 ; 69.115 ;;; 8 ; 270.727 ; 15 ; 2.689.842 ; 1 ; 74.294 ; 3 ; 2.574.828 ; 4 ; 2.649.122 ; 19 ; 5.338.963 ;;;;
127;43.653.450;MOEDA SOCIEDADE CORRETORA DE C∂MBIO LTDA.; 2 ; 46.664 ; 26 ; 619.539 ;;; 70 ; 2.041.795 ; 98 ; 2.707.998 ; 67 ; 2.615.598 ;;; 67 ; 2.615.598 ; 165 ; 5.323.595 ;;;;
128;80.202.872;CORREPARTI CORRETORA DE CAMBIO LTDA; 2 ; 10.707 ; 52 ; 1.854.517 ; 8 ; 4.952 ; 187 ; 705.780 ; 249 ; 2.575.956 ; 151 ; 2.544.659 ; 1 ; 10.000 ; 152 ; 2.554.659 ; 401 ; 5.130.615 ;;;;
129;73.279.093;PACIFIC INVEST DISTRIBUIDORA DE TITULOS E VALORES MOBILIARIOS LTDA;;;;; 257 ; 133.147 ; 1.798 ; 2.510.008 ; 2.055 ; 2.643.155 ; 90 ; 2.395.909 ;;; 90 ; 2.395.909 ; 2.145 ; 5.039.064 ;;;;
130;92.894.922;BANCO ORIGINAL S.A.; 3 ; 1.911.521 ;;;;; 8 ; 1.896.462 ; 11 ; 3.807.983 ; 2 ; 503.986 ; 2 ; 650.000 ; 4 ; 1.153.986 ; 15 ; 4.961.969 ;;;;
131;16.927.221;AMAZ‚NIA CORRETORA DE C∂MBIO LTDA.;;; 2 ; 60.213 ; 53 ; 69.083 ; 425 ; 2.466.211 ; 480 ; 2.595.507 ; 71 ; 2.344.570 ;;; 71 ; 2.344.570 ; 551 ; 4.940.078 ;;;;
132;15.761.217;CORRETORA DE C∂MBIO AÄORIANA LIMITADA.;;;;; 25 ; 15.063 ; 329 ; 2.416.237 ; 354 ; 2.431.299 ; 124 ; 2.412.865 ;;; 124 ; 2.412.865 ; 478 ; 4.844.165 ;;;;
133;19.086.249;EXECUTIVE CORRETORA DE C∂MBIO LTDA.;;;;; 169 ; 542.495 ; 693 ; 2.371.817 ; 862 ; 2.914.312 ; 182 ; 1.876.034 ; 2 ; 23.108 ; 184 ; 1.899.141 ; 1.046 ; 4.813.453 ;;;;
134;13.839.639;MELHOR - CORRETORA DE C∂MBIO LTDA.;;;;; 118 ; 237.793 ; 269 ; 2.237.454 ; 387 ; 2.475.246 ; 171 ; 2.000.978 ;;; 171 ; 2.000.978 ; 558 ; 4.476.224 ;;;;
135;73.302.408;EXIM CORRETORA DE CAMBIO LTDA; 1 ; 11.334 ; 26 ; 414.010 ; 34 ; 355.086 ; 266 ; 1.493.893 ; 327 ; 2.274.322 ; 169 ; 1.752.604 ; 9 ; 212.464 ; 178 ; 1.965.068 ; 505 ; 4.239.391 ;;;;
136;19.307.785;MSB BANK S.A. BANCO DE C∂MBIO;;;;; 10 ; 2.267.000 ;;; 10 ; 2.267.000 ;;; 7 ; 1.667.000 ; 7 ; 1.667.000 ; 17 ; 3.934.000 ;;;;
137;20.155.248;PARMETAL DISTRIBUIDORA DE T÷TULOS E VALORES MOBILIµRIOS LTDA;;;;; 465 ; 307.845 ; 1.364 ; 2.137.973 ; 1.829 ; 2.445.817 ; 30 ; 1.330.819 ;;; 30 ; 1.330.819 ; 1.859 ; 3.776.636 ;;;;
138;74.828.799;NOVO BANCO CONTINENTAL S.A. - BANCO MÈLTIPLO; 10 ; 1.722.160 ; 21 ; 620.271 ; 4 ; 109.914 ; 9 ; 69.952 ; 44 ; 2.522.297 ;;; 3 ; 1.250.000 ; 3 ; 1.250.000 ; 47 ; 3.772.297 ;;;;
139;04.684.647;ARC CORRETORA DE CAMBIO, ASSOCIADOS GOUVEIA, CAMPEDELLI S.A.; 18 ; 111.475 ; 3 ; 10.778 ; 82 ; 358.212 ; 524 ; 1.548.502 ; 627 ; 2.028.967 ; 92 ; 1.220.815 ; 3 ; 75.479 ; 95 ; 1.296.294 ; 722 ; 3.325.261 ;;;;
140;17.902.616;POLO CORRETORA DE C∂MBIO LTDA.;;;;; 426 ; 471.758 ; 415 ; 1.647.547 ; 841 ; 2.119.305 ; 71 ; 1.165.954 ;;; 71 ; 1.165.954 ; 912 ; 3.285.259 ;;;;
141;16.854.999;SINGRATUR CORRETORA DE C∂MBIO LTDA;;;;; 14 ; 15.753 ; 526 ; 1.146.439 ; 540 ; 1.162.192 ; 83 ; 1.155.530 ; 1 ; 3.000 ; 84 ; 1.158.530 ; 624 ; 2.320.722 ;;;;
142;17.772.370;VIP'S CORRETORA DE C∂MBIO LTDA.;;;;; 83 ; 280.899 ; 213 ; 1.126.134 ; 296 ; 1.407.033 ; 52 ; 816.653 ;;; 52 ; 816.653 ; 348 ; 2.223.685 ;;;;
143;15.168.152;CONSEGTUR CORRETORA DE C∂MBIO LTDA.;;; 1 ; 10.056 ; 2 ; 3.971 ; 126 ; 1.090.728 ; 129 ; 1.104.755 ; 114 ; 1.097.605 ;;; 114 ; 1.097.605 ; 243 ; 2.202.360 ;;;;
144;16.789.470;TURISCAM CORRETORA DE C∂MBIO LTDA.;;;;; 514 ; 405.846 ; 751 ; 1.025.490 ; 1.265 ; 1.431.337 ; 40 ; 615.343 ;;; 40 ; 615.343 ; 1.305 ; 2.046.679 ;;;;
145;61.973.863;ESCRITORIO LEROSA S.A. CORRETORES DE VALORES;;; 7 ; 259.492 ; 1 ; 47.884 ; 33 ; 677.164 ; 41 ; 984.539 ; 32 ; 945.633 ; 3 ; 61.513 ; 35 ; 1.007.146 ; 76 ; 1.991.684 ;;;;
146;69.078.350;J. ALVES CORRETORA DE CAMBIO LTDA; 1 ; 14.945 ; 48 ; 715.639 ; 2 ; 118.930 ; 23 ; 143.401 ; 74 ; 992.915 ; 51 ; 844.096 ; 2 ; 118.930 ; 53 ; 963.026 ; 127 ; 1.955.941 ;;;;
147;59.615.005;PATAC«O DISTRIBUIDORA DE T÷TULOS E VALORES MOBILIµRIOS LTDA.;;;;; 120 ; 87.020 ; 636 ; 949.756 ; 756 ; 1.036.776 ; 153 ; 895.374 ;;; 153 ; 895.374 ; 909 ; 1.932.149 ;;;;
148;17.508.380;UNI«O ALTERNATIVA CORRETORA DE C∂MBIO LTDA.;;;;; 71 ; 93.272 ; 161 ; 889.536 ; 232 ; 982.808 ; 89 ; 811.695 ;;; 89 ; 811.695 ; 321 ; 1.794.503 ;;;;
149;18.145.784;NUMATUR CORRETORA DE C∂MBIO LTDA.;;;;; 40 ; 22.627 ; 269 ; 750.362 ; 309 ; 772.989 ; 54 ; 709.870 ; 1 ; 41 ; 55 ; 709.910 ; 364 ; 1.482.899 ;;;;
150;89.784.367;EBADIVAL - E. BAGGIO DISTRIBUIDORA DE T÷TULOS E VALORES MOBILIµRIOS LTDA.;;;;; 30 ; 67.267 ; 363 ; 739.989 ; 393 ; 807.256 ; 60 ; 669.253 ;;; 60 ; 669.253 ; 453 ; 1.476.509 ;;;;
151;17.635.177;CONEXION CORRETORA DE C∂MBIO LTDA.;;;;; 13 ; 10.423 ; 292 ; 674.844 ; 305 ; 685.268 ; 68 ; 678.517 ; 3 ; 1.332 ; 71 ; 679.849 ; 376 ; 1.365.117 ;;;;
152;09.274.232;NATIXIS BRASIL S.A. BANCO MÈLTIPLO;;;;; 2 ; 1.218.941 ; 3 ; 18.673 ; 5 ; 1.237.613 ;;;;; -   ; -   ; 5 ; 1.237.613 ;;;;
153;15.122.605;LÈMINA CORRETORA DE C∂MBIO LTDA.;;;;; 255 ; 192.811 ; 680 ; 606.115 ; 935 ; 798.926 ; 17 ; 388.446 ;;; 17 ; 388.446 ; 952 ; 1.187.371 ;;;;
154;16.657.210;CHLOE DISTRIBUIDORA DE T÷TULOS E VALORES MOBILIµRIOS LTDA.;;;;; 60 ; 18.804 ; 696 ; 571.648 ; 756 ; 590.452 ; 95 ; 552.610 ;;; 95 ; 552.610 ; 851 ; 1.143.062 ;;;;
155;12.392.983;MIRAE ASSET SECURITIES (BRASIL) CORRETORA DE C∂MBIO, T÷TULOS E VALORES MOBILIµRIOS LTDA.;;;;;;; 38 ; 567.279 ; 38 ; 567.279 ; 23 ; 567.279 ;;; 23 ; 567.279 ; 61 ; 1.134.558 ;;;;
156;04.913.711;BANCO DO ESTADO DO PARµ S.A.; 3 ; 4.114 ;;; 11 ; 6.465 ; 38 ; 222.188 ; 52 ; 232.766 ; 2 ; 500.000 ;;; 2 ; 500.000 ; 54 ; 732.766 ;;;;
157;07.333.726;ONNIX CORRETORA DE C∂MBIO LTDA.;;; 1 ; 19.755 ; 32 ; 70.191 ; 182 ; 305.530 ; 215 ; 395.475 ; 61 ; 261.119 ; 2 ; 11.201 ; 63 ; 272.320 ; 278 ; 667.795 ;;;;
158;76.633.486;OLIVEIRA FRANCO SOCIEDADE CORRETORA DE VALORES E CAMBIO LTDA;;;;; 15 ; 19.358 ; 129 ; 294.264 ; 144 ; 313.622 ; 41 ; 276.459 ;;; 41 ; 276.459 ; 185 ; 590.082 ;;;;
159;33.851.064;DILLON S/A DISTRIBUIDORA DE TITULOS E VALORES MOBILIARIOS;;; 10 ; 105.751 ; 1 ; 21.000 ; 42 ; 178.599 ; 53 ; 305.351 ; 41 ; 265.117 ;;; 41 ; 265.117 ; 94 ; 570.468 ;;;;
160;15.077.393;MEGA CORRETORA DE C∂MBIO LTDA.;;;;; 29 ; 18.134 ; 65 ; 284.760 ; 94 ; 302.894 ; 44 ; 264.128 ; 1 ; 152 ; 45 ; 264.280 ; 139 ; 567.174 ;;;;
161;14.652.687;CAMBIALL CASH CORRETORA DE C∂MBIO LTDA.;;;;; 258 ; 143.267 ; 277 ; 253.958 ; 535 ; 397.225 ; 8 ; 90.517 ;;; 8 ; 90.517 ; 543 ; 487.742 ;;;;
162;04.866.275;BANCO STANDARD DE INVESTIMENTOS S.A.;;;;; 1 ; 5 ; 3 ; 619 ; 4 ; 624 ;;; 1 ; 446.966 ; 1 ; 446.966 ; 5 ; 447.590 ;;;;
163;34.266.668;KRAUS - SOCIEDADE CORRETORA DE C∂MBIO LTDA.;;;;; 11 ; 24.846 ; 49 ; 172.111 ; 60 ; 196.957 ; 11 ; 112.037 ;;; 11 ; 112.037 ; 71 ; 308.994 ;;;;
164;03.443.143;AVIPAM CORRETORA DE CAMBIO LTDA.;;;;; 5 ; 4.578 ; 22 ; 46.783 ; 27 ; 51.361 ; 5 ; 46.930 ;;; 5 ; 46.930 ; 32 ; 98.290 ;;;;
165;51.938.876;BANCO DE LA REPUBLICA ORIENTAL DEL URUGUAY;;;;; 43 ; 64.334 ; 2 ; 10.467 ; 45 ; 74.801 ;;;;; -   ; -   ; 45 ; 74.801 ;;;;
166;14.388.334;PARANµ BANCO S.A.;;;;;;;;; -   ; -   ; 1 ; 50.000 ;;; 1 ; 50.000 ; 1 ; 50.000 ;;;;
167;62.280.490;DIBRAN DISTRIBUIDORA DE T÷TULOS E VALORES MOBILIµRIOS LTDA.;;;;;;; 6 ; 10.700 ; 6 ; 10.700 ; 6 ; 18.921 ;;; 6 ; 18.921 ; 12 ; 29.621 ;;;;
168;40.161.713;NSG POSITIVA CORRETORA DE C∂MBIO, T÷TULOS E VALORES MOBILIµRIOS S.A.;;;;;;; 3 ; 13.400 ; 3 ; 13.400 ; 1 ; 13.400 ;;; 1 ; 13.400 ; 4 ; 26.800 ;;;;
169;09.512.542;CODEPE - CORRETORA DE VALORES S.A.;;;;;;; 3 ; 7.526 ; 3 ; 7.526 ; 3 ; 17.121 ;;; 3 ; 17.121 ; 6 ; 24.647 ;;;;
170;03.532.415;BANCO ABN AMRO S.A.;;;;;;; 2 ; 4.390 ; 2 ; 4.390 ; 1 ; 20.000 ;;; 1 ; 20.000 ; 3 ; 24.390 ;;;;
171;33.042.953;CITIBANK N.A.;;;;; 1 ; 408 ; 3 ; 2.787 ; 4 ; 3.195 ;;;;; -   ; -   ; 4 ; 3.195 ;;;;
172;38.486.817;BANCO DE DESENVOLVIMENTO DE MINAS GERAIS S.A.-BDMG;;;;;;; 2 ; 2.331 ; 2 ; 2.331 ;;;;; -   ; -   ; 2 ; 2.331 ;;;;
;;;;;;;;;;;;;;;;;;;;;;;;
Total;;; 29.936 ; 15.656.028.903 ; 106.448 ; 17.759.048.011 ; 135.537 ; 33.941.529.560 ; 255.812 ; 34.648.045.140 ; 527.733 ; 102.004.651.613 ; 39.183 ; 60.221.859.624 ; 39.183 ; 60.222.245.497 ; 78.366 ; 120.444.105.122 ; 606.099 ; 222.448.756.735 ;;;;
"Fonte: Sistema CÉmbio; Dados extra°dos em: 07.03.2014";;;;;;;;;;;;;;;;;;;;;;;;
Obs. Os dados para o Mercado Interbanc†rio incluem os registros de contratos de Arbitragens no Pa°s (conta-fato 80), no Exterior (conta-fato 83) e Operaá‰es com o BC ;;;;;;;;;;;;;;;;;;;;;;;;
;;;;;;;;;;;;;;;;;;;;;;;;
;;;;;;;;;;;;;;;;;;;;;;;;
;; ;;;;;;;;;;;;;;;;;;;;;;
